{
  "metrics": {
    "http_req_sending": {
      "type": "trend",
      "contains": "time",
      "values": {
        "p(90)": 0.0376225,
        "p(95)": 0.05742225,
        "avg": 0.033006672215016665,
        "min": 0.007065,
        "med": 0.024127,
        "max": 5.379452
      }
    },
    "group_duration": {
      "type": "trend",
      "contains": "time",
      "values": {
        "max": 1071.415456,
        "p(90)": 3.1474815,
        "p(95)": 4.30523575,
        "avg": 2.8889798676682354,
        "min": 0.794095,
        "med": 1.757476
      }
    },
    "register_duration": {
      "thresholds": {
        "p(95)<1000": {
          "ok": true
        }
      },
      "type": "trend",
      "contains": "default",
      "values": {
        "avg": 3.311401360425309,
        "min": 0.815399,
        "med": 1.530999,
        "max": 1069.832048,
        "p(90)": 2.7424884,
        "p(95)": 3.956737799999991
      }
    },
    "error_rate": {
      "type": "rate",
      "contains": "default",
      "values": {
        "passes": 16605,
        "fails": 5602,
        "rate": 0.7477371999819876
      },
      "thresholds": {
        "rate<0.01": {
          "ok": false
        }
      }
    },
    "http_req_waiting": {
      "type": "trend",
      "contains": "time",
      "values": {
        "avg": 2.39472271624154,
        "min": 0.588628,
        "med": 1.2519624999999999,
        "max": 1069.68661,
        "p(90)": 2.6067419999999997,
        "p(95)": 3.746354
      }
    },
    "data_sent": {
      "type": "counter",
      "contains": "data",
      "values": {
        "count": 4337212,
        "rate": 14333.066505277908
      }
    },
    "data_received": {
      "type": "counter",
      "contains": "data",
      "values": {
        "count": 33458307,
        "rate": 110568.75693072079
      }
    },
    "http_req_failed": {
      "type": "rate",
      "contains": "default",
      "values": {
        "passes": 22135,
        "fails": 5621,
        "rate": 0.7974852284190805
      },
      "thresholds": {
        "rate<0.01": {
          "ok": false
        }
      }
    },
    "http_req_duration{expected_response:true}": {
      "type": "trend",
      "contains": "time",
      "values": {
        "med": 1.250347,
        "max": 1069.832048,
        "p(90)": 2.851858,
        "p(95)": 4.035676,
        "avg": 4.879745702899822,
        "min": 0.652648
      }
    },
    "http_req_blocked": {
      "type": "trend",
      "contains": "time",
      "values": {
        "avg": 0.009125467898832696,
        "min": 0.00237,
        "med": 0.0058255,
        "max": 4.506806,
        "p(90)": 0.00808,
        "p(95)": 0.00910325
      }
    },
    "http_reqs": {
      "type": "counter",
      "contains": "default",
      "values": {
        "count": 27756,
        "rate": 91.72449811549299
      }
    },
    "iterations": {
      "type": "counter",
      "contains": "default",
      "values": {
        "count": 5549,
        "rate": 18.337629342948215
      }
    },
    "vus_max": {
      "type": "gauge",
      "contains": "default",
      "values": {
        "value": 100,
        "min": 100,
        "max": 100
      }
    },
    "appointment_create_duration": {
      "type": "trend",
      "contains": "default",
      "values": {
        "p(95)": 0,
        "avg": 0,
        "min": 0,
        "med": 0,
        "max": 0,
        "p(90)": 0
      },
      "thresholds": {
        "p(95)<800": {
          "ok": true
        }
      }
    },
    "http_req_duration": {
      "type": "trend",
      "contains": "time",
      "values": {
        "avg": 2.552429213791624,
        "min": 0.652648,
        "med": 1.4194725,
        "max": 1069.832048,
        "p(90)": 2.783664,
        "p(95)": 3.9371005
      },
      "thresholds": {
        "p(95)<500": {
          "ok": true
        }
      }
    },
    "http_req_receiving": {
      "type": "trend",
      "contains": "time",
      "values": {
        "p(90)": 0.2585485,
        "p(95)": 0.322614,
        "avg": 0.1246998253350628,
        "min": 0.026944,
        "med": 0.08444650000000001,
        "max": 5.202912
      }
    },
    "checks": {
      "type": "rate",
      "contains": "default",
      "values": {
        "rate": 0.25219525374881796,
        "passes": 11201,
        "fails": 33213
      }
    },
    "login_duration": {
      "type": "trend",
      "contains": "default",
      "values": {
        "min": 0.79812,
        "med": 1.542908,
        "max": 895.09156,
        "p(90)": 2.9552767999999983,
        "p(95)": 4.253160399999998,
        "avg": 3.002658784105241
      },
      "thresholds": {
        "p(95)<500": {
          "ok": true
        }
      }
    },
    "iteration_duration": {
      "type": "trend",
      "contains": "time",
      "values": {
        "avg": 3017.4322951454214,
        "min": 3007.113836,
        "med": 3012.699871,
        "max": 5456.18908,
        "p(90)": 3019.4694802,
        "p(95)": 3025.4741946
      }
    },
    "appointment_list_duration": {
      "thresholds": {
        "p(95)<500": {
          "ok": true
        }
      },
      "type": "trend",
      "contains": "default",
      "values": {
        "avg": 134.5194330909091,
        "min": 6.61569,
        "med": 47.904683,
        "max": 426.340559,
        "p(90)": 363.838838,
        "p(95)": 395.0896985
      }
    },
    "health_check_duration": {
      "type": "trend",
      "contains": "default",
      "values": {
        "med": 1.243212,
        "max": 324.154126,
        "p(90)": 2.7199473999999997,
        "p(95)": 3.6582367999999965,
        "avg": 2.006032435573973,
        "min": 0.652648
      },
      "thresholds": {
        "p(95)<200": {
          "ok": true
        }
      }
    },
    "http_req_connecting": {
      "values": {
        "max": 3.142146,
        "p(90)": 0,
        "p(95)": 0,
        "avg": 0.0009011398616515346,
        "min": 0,
        "med": 0
      },
      "type": "trend",
      "contains": "time"
    },
    "total_requests": {
      "type": "counter",
      "contains": "default",
      "values": {
        "count": 27756,
        "rate": 91.72449811549299
      }
    },
    "vus": {
      "type": "gauge",
      "contains": "default",
      "values": {
        "value": 1,
        "min": 1,
        "max": 100
      }
    },
    "http_req_tls_handshaking": {
      "type": "trend",
      "contains": "time",
      "values": {
        "min": 0,
        "med": 0,
        "max": 0,
        "p(90)": 0,
        "p(95)": 0,
        "avg": 0
      }
    }
  },
  "root_group": {
    "path": "",
    "id": "d41d8cd98f00b204e9800998ecf8427e",
    "groups": [
      {
        "name": "Health Check",
        "path": "::Health Check",
        "id": "167c726a79efe9afd2c220eb9d49c1a2",
        "groups": [],
        "checks": [
            {
              "name": "health: status is 200",
              "path": "::Health Check::health: status is 200",
              "id": "0dabc8c06908c77e8ce9f13e96f1d6ad",
              "passes": 5549,
              "fails": 0
            },
            {
              "name": "health: response has status",
              "path": "::Health Check::health: response has status",
              "id": "71d6c048f42984ad94ff20cb80e839e3",
              "passes": 5549,
              "fails": 0
            }
          ]
      },
      {
        "id": "a3e3de2f7e18e8d3c0437c44d0f6a2b8",
        "groups": [],
        "checks": [
            {
              "passes": 11,
              "fails": 5538,
              "name": "register: status is 201",
              "path": "::User Registration::register: status is 201",
              "id": "29dc16b2f383571e5085e5380fa31161"
            },
            {
              "name": "register: has token",
              "path": "::User Registration::register: has token",
              "id": "b4c39d2321a2a79aa3a9d8b5a21d1c48",
              "passes": 11,
              "fails": 5538
            }
          ],