{
  "state": {
    "isStdOutTTY": true,
    "isStdErrTTY": true,
    "testRunDurationMs": 302565.040236
  },
  "metrics": {
    "health_check_duration": {
      "thresholds": {
        "p(95)<200": {
          "ok": true
        }
      },
      "type": "trend",
      "contains": "default",
      "values": {
        "min": 0.674499,
        "med": 1.233853,
        "max": 310.274866,
        "p(90)": 2.678514,
        "p(95)": 3.6622054,
        "avg": 2.030780713101453
      }
    },
    "group_duration": {
      "contains": "time",
      "values": {
        "max": 1368.169018,
        "p(90)": 3.112233,
        "p(95)": 4.23185325,
        "avg": 2.89821942812365,
        "min": 0.823792,
        "med": 1.7295375000000002
      },
      "type": "trend"
    },
    "login_duration": {
      "type": "trend",
      "contains": "default",
      "values": {
        "med": 1.507529,
        "max": 1325.935315,
        "p(90)": 2.8415669999999995,
        "p(95)": 4.011849999999998,
        "avg": 2.9637667520273854,
        "min": 0.799641
      },
      "thresholds": {
        "p(95)<500": {
          "ok": true
        }
      }
    },
    "http_req_blocked": {
      "type": "trend",
      "contains": "time",
      "values": {
        "avg": 0.008987871090935372,
        "min": 0.002421,
        "med": 0.005792,
        "max": 4.116708,
        "p(90)": 0.008056,
        "p(95)": 0.00911525
      }
    },
    "http_req_receiving": {
      "type": "trend",
      "contains": "time",
      "values": {
        "med": 0.08465,
        "max": 14.421087,
        "p(90)": 0.27042849999999996,
        "p(95)": 0.3274145,
        "avg": 0.12723658682807315,
        "min": 0.024607
      }
    },
    "http_req_duration{expected_response:true}": {
      "type": "trend",
      "contains": "time",
      "values": {
        "p(95)": 4.034616,
        "avg": 5.265358155666258,
        "min": 0.674499,
        "med": 1.242983,
        "max": 1367.377064,
        "p(90)": 2.817179
      }
    },
    "register_duration": {
      "type": "trend",
      "contains": "default",
      "values": {
        "p(90)": 2.7960648,
        "p(95)": 3.869835399999986,
        "avg": 3.3663746359704367,
        "min": 0.803024,
        "med": 1.493469,
        "max": 1367.377064
      },
      "thresholds": {
        "p(95)<1000": {
          "ok": true
        }
      }
    },
    "iteration_duration": {
      "type": "trend",
      "contains": "time",
      "values": {
        "p(95)": 3023.957442,
        "avg": 3017.4463045271314,
        "min": 3007.08941,
        "med": 3012.544709,
        "max": 5810.980325,
        "p(90)": 3018.9986108
      }
    },
    "iterations": {
      "type": "counter",
      "contains": "default",
      "values": {
        "count": 5549,
        "rate": 18.33985841745561
      }
    },
    "error_rate": {
      "type": "rate",
      "contains": "default",
      "values": {
        "rate": 0.7477371999819876,
        "passes": 16605,
        "fails": 5602
      },
      "thresholds": {
        "rate<0.01": {
          "ok": false
        }
      }
    },
    "http_req_connecting": {
      "type": "trend",
      "contains": "time",
      "values": {
        "p(90)": 0,
        "p(95)": 0,
        "avg": 0.0008506683239659891,
        "min": 0,
        "med": 0,
        "max": 1.341266
      }
    },
    "http_req_duration": {
      "type": "trend",
      "contains": "time",
      "values": {
        "min": 0.674499,
        "med": 1.3831255,
        "max": 1367.377064,
        "p(90)": 2.7352695000000002,
        "p(95)": 3.8633545,
        "avg": 2.5593004223591262
      },
      "thresholds": {
        "p(95)<500": {
          "ok": true
        }
      }
    },
    "appointment_list_duration": {
      "thresholds": {
        "p(95)<500": {
          "ok": false
        }
      },
      "type": "trend",
      "contains": "default",
      "values": {
        "p(90)": 555.598658,
        "p(95)": 831.1068415,
        "avg": 288.99610290909095,
        "min": 5.419233,
        "med": 338.01331,
        "max": 1106.615025
      }
    },
    "http_req_tls_handshaking": {
      "type": "trend",
      "contains": "time",
      "values": {
        "p(90)": 0,
        "p(95)": 0,
        "avg": 0,
        "min": 0,
        "med": 0,
        "max": 0
      }
    },
    "vus_max": {
      "type": "gauge",
      "contains": "default",
      "values": {
        "value": 100,
        "min": 100,
        "max": 100
      }
    },
    "data_received": {
      "values": {
        "count": 33607622,
        "rate": 111075.69458053097
      },
      "type": "counter",
      "contains": "data"
    },
    "http_req_failed": {
      "type": "rate",
      "contains": "default",
      "values": {
        "passes": 22135,
        "fails": 5621,
        "rate": 0.7974852284190805
      },
      "thresholds": {
        "rate<0.01": {
          "ok": false
        }
      }
    },
    "appointment_create_duration": {
      "type": "trend",
      "contains": "default",
      "values": {
        "min": 0,
        "med": 0,
        "max": 0,
        "p(90)": 0,
        "p(95)": 0,
        "avg": 0
      },
      "thresholds": {
        "p(95)<800": {
          "ok": true
        }
      }
    },
    "http_req_sending": {
      "contains": "time",
      "values": {
        "avg": 0.03328220582937044,
        "min": 0.00747,
        "med": 0.0238885,
        "max": 7.470136,
        "p(90)": 0.036876,
        "p(95)": 0.056226
      },
      "type": "trend"
    },
    "http_reqs": {
      "values": {
        "count": 27756,
        "rate": 91.73564790681166
      },
      "type": "counter",
      "contains": "default"
    },
    "checks": {
      "type": "rate",
      "contains": "default",
      "values": {
        "rate": 0.25219525374881796,
        "passes": 11201,
        "fails": 33213
      }
    },
    "data_sent": {
      "type": "counter",
      "contains": "data",
      "values": {
        "count": 4337209,
        "rate": 14334.798880323342
      }
    },
    "http_req_waiting": {
      "type": "trend",
      "contains": "time",
      "values": {
        "med": 1.2216395000000002,
        "max": 1367.251221,
        "p(90)": 2.5473405,
        "p(95)": 3.67199525,
        "avg": 2.398781629701691,
        "min": 0.593729
      }
    },
    "total_requests": {
      "type": "counter",
      "contains": "default",
      "values": {
        "count": 27756,
        "rate": 91.73564790681166
      }
    },
    "vus": {
      "type": "gauge",
      "contains": "default",
      "values": {
        "value": 1,
        "min": 1,
        "max": 100
      }
    }
  },
  "root_group": {
    "groups": [
      {
        "path": "::Health Check",
        "id": "167c726a79efe9afd2c220eb9d49c1a2",
        "groups": [],
        "checks": [
            {
              "name": "health: status is 200",
              "path": "::Health Check::health: status is 200",
              "id": "0dabc8c06908c77e8ce9f13e96f1d6ad",
              "passes": 5549,
              "fails": 0
            },
            {
              "passes": 5549,
              "fails": 0,
              "name": "health: response has status",
              "path": "::Health Check::health: response has status",
              "id": "71d6c048f42984ad94ff20cb80e839e3"
            }
          ],
        "name": "Health Check"
      },
      {
        "id": "a3e3de2f7e18e8d3c0437c44d0f6a2b8",
        "groups": [],
        "checks": [
            {
              "path": "::User Registration::register: status is 201",
              "id": "29dc16b2f383571e5085e5380fa31161",
              "passes": 11,
              "fails": 5538,
              "name": "register: status is 201"
            },
            {
              "passes": 11,
              "fails": 5538,
              "name": "register: has token",
              "path": "::User Registration::register: has token",